Name,Model,publications,Mean F1 Score,Mean Rouge1,Mean Rouge2,Mean RougeL,Mean Length,Mean Vec2,Mean Bleu
Ben Shneiderman,ada,400,0.028747448,0.187476116,0.0229114743333333,0.131752649,314.6666666666667,0.5789206833333332,0.0087666666666666
Ben Shneiderman,curie,400,0.127549665,0.364175408,0.1207828413333333,0.21402972,300.0,0.7078280466666667,0.0371333333333333
Ben Shneiderman,turbo,400,0.4078540506666666,0.5980392156666666,0.4046539883333333,0.5717234263333334,195.0,0.7979735333333333,0.2275666666666666
Ben Shneiderman,davinci,400,0.3523409099999999,0.5756559406666667,0.3423280423333333,0.5357928936666667,226.0,0.6676424433333333,0.108
Dieter Schmalstieg,turbo,300,0.3122061829999999,0.5666754223333333,0.3687029903333333,0.4940679446666666,212.33333333333331,0.7643461166666666,0.1532666666666666
Dieter Schmalstieg,davinci,300,0.395706619,0.587835134,0.3915038356666667,0.5560891023333333,212.0,0.6719504366666667,0.1923
Dieter Schmalstieg,ada,300,0.0526626176666666,0.2717857143333333,0.0414548713333333,0.2019642856666667,179.33333333333334,0.6951595300000001,0.0136
Dieter Schmalstieg,curie,300,0.183862434,0.4875420873333333,0.1930095883333333,0.3012987013333333,191.33333333333331,0.7589640000000001,0.0958333333333333
Daniel Weiskopf,ada,250,0.0074906366666666,0.1663614163333333,0.007751938,0.118964369,265.6666666666667,0.6533667466666667,0.0056
Daniel Weiskopf,turbo,250,0.3251448183333333,0.5138252756666667,0.3162144703333333,0.4832909246666666,337.3333333333333,0.7560616333333333,0.2279666666666666
Daniel Weiskopf,davinci,250,0.3215046053333333,0.546000546,0.342268826,0.4897624896666666,177.66666666666666,0.67155269,0.1617
Daniel Weiskopf,curie,250,0.1260158033333333,0.3451690536666666,0.1159200703333333,0.2777843533333333,238.66666666666663,0.70839997,0.0209
Catherine Plaisant,curie,150,0.1064124176666666,0.3791221406666666,0.1109827083333333,0.2025531526666666,305.0,0.68825744,0.0265
Catherine Plaisant,davinci,150,0.310237603,0.5466559543333332,0.3135198136666666,0.4660239176666667,142.0,0.63420931,0.1171666666666666
Ghassan Hamarneh,davinci,150,0.1719114219999999,0.3562720803333333,0.196478758,0.328855053,190.66666666666663,0.6042378466666667,0.0615333333333333
Ghassan Hamarneh,curie,150,0.1149830463333333,0.416638757,0.1255802766666666,0.218484639,298.0,0.7587440666666666,0.0236666666666666
Ghassan Hamarneh,ada,150,0.0252760523333333,0.2471494286666666,0.0257590923333333,0.169583574,426.6666666666667,0.7685182533333332,0.0083
Catherine Plaisant,turbo,150,0.2770897833333333,0.552495879,0.2957264956666667,0.4704668146666667,187.0,0.7308539333333334,0.1620333333333333
Ghassan Hamarneh,turbo,150,0.1045637963333333,0.3655185396666667,0.1148244563333333,0.2643829596666667,336.0,0.7617181766666666,0.0589666666666666
Catherine Plaisant,ada,150,0.045430542,0.2233193546666666,0.0474845306666666,0.1694730376666666,250.33333333333331,0.6569802166666666,0.0121333333333333
Benjamin B. Bederson,davinci,100,0.2444792206666667,0.438134832,0.244410045,0.3844061703333333,179.33333333333334,0.6112658766666667,0.0707
Michael Burch,ada,100,0.0494949496666666,0.2482566393333333,0.0675657543333333,0.2037506426666666,291.6666666666667,0.6458469233333334,0.0181
Stephan Diehl,davinci,100,0.207114216,0.392977393,0.2096738243333333,0.3453944203333334,149.66666666666666,0.65316107,0.0822333333333333
Michael Burch,davinci,100,0.3434037139999999,0.5190513106666667,0.356996997,0.4731386566666666,159.0,0.7103346566666667,0.1433666666666666
Henry Fuchs,turbo,100,0.252193185,0.517369861,0.308480119,0.4151590533333333,228.66666666666663,0.70860827,0.1430666666666666
Achim Ebert,turbo,100,0.2253136026666666,0.4070614483333333,0.2395562386666666,0.337374723,157.0,0.75657049,0.0595
Stephan Diehl,turbo,100,0.2069748583333333,0.4077694236666667,0.2271837053333333,0.3218045116666666,279.6666666666667,0.7441813100000001,0.0498666666666666
Achim Ebert,davinci,100,0.2153834246666666,0.4045987689999999,0.2378929483333333,0.3510238843333333,165.33333333333334,0.78367708,0.0833666666666666
Henry Fuchs,davinci,100,0.3064098879999999,0.5573696143333333,0.313412599,0.4897959186666667,159.66666666666666,0.5831503133333333,0.1269333333333333
Benjamin B. Bederson,turbo,100,0.2691936083333333,0.464154487,0.2831457993333333,0.402908274,321.0,0.7525798233333333,0.1220333333333333
Mary Jean Harrold,ada,100,0.042784602,0.1933166246666666,0.0352292056666666,0.147635756,350.6666666666667,0.64467821,0.0118
Michael Burch,turbo,100,0.208140432,0.4597362719999999,0.244942656,0.3788405523333333,296.6666666666667,0.6781296666666666,0.1104666666666666
Mary Jean Harrold,turbo,100,0.2619658123333333,0.5048005926666667,0.243924285,0.4319404246666666,273.0,0.7532584733333333,0.0973333333333333
Mary Jean Harrold,davinci,100,0.3629863133333333,0.568951803,0.3613588563333333,0.514800584,158.0,0.6809172633333334,0.1103
Michael Burch,curie,100,0.1216940266666666,0.3376544413333333,0.1259669293333333,0.2145209506666666,252.0,0.7132856333333333,0.0383333333333333
Achim Ebert,curie,100,0.0940844643333333,0.346029168,0.0958579486666666,0.1743110576666666,292.0,0.7335777433333334,0.0303666666666666
Mary Jean Harrold,curie,100,0.133229135,0.4417118093333332,0.1269523966666666,0.2665583243333333,213.33333333333331,0.7502638500000001,0.0388333333333333
Stephan Diehl,ada,100,0.0710244493333333,0.3262497793333333,0.078425483,0.2043808516666666,377.3333333333333,0.74648692,0.0143666666666666
Stephan Diehl,curie,100,0.1445304106666666,0.357763853,0.1457108856666666,0.2470630109999999,274.6666666666667,0.7417103333333334,0.0615
Achim Ebert,ada,100,0.0265301513333333,0.2374550496666666,0.0264153043333333,0.1815668146666667,281.6666666666667,0.7196429333333333,0.0094
Henry Fuchs,curie,100,0.1792663476666666,0.423897707,0.1888481886666666,0.2854293853333333,180.33333333333331,0.66618867,0.0453666666666666
Benjamin B. Bederson,curie,100,0.1016092976666666,0.3452380953333333,0.1154834736666666,0.185805861,256.6666666666667,0.7143356733333334,0.0327333333333333
Henry Fuchs,ada,100,0.0753968253333333,0.2689633173333333,0.0786225626666666,0.198213716,252.33333333333331,0.6969576166666668,0.0235333333333333
Benjamin B. Bederson,ada,100,0.0641233766666666,0.230439736,0.066190061,0.1834130783333333,275.6666666666667,0.62178151,0.0143666666666666
Marie desJardins,ada,99,0.1222222223333333,0.309668695,0.13023088,0.247464503,156.33333333333334,0.7055919999999999,0.0230333333333333
Marie desJardins,curie,99,0.177106556,0.5135975136666667,0.1853070173333333,0.313131313,219.33333333333331,0.78064093,0.0488
Marie desJardins,turbo,99,0.2470042033333333,0.5487670543333333,0.2616671616666666,0.3844073643333334,194.0,0.7413385566666667,0.0822666666666666
Marie desJardins,davinci,99,0.2800551936666667,0.5191118113333334,0.2990108826666667,0.419730392,193.0,0.54072682,0.0917
Xenophon Papademetris,ada,97,0.1205805076666666,0.3366888966666666,0.1360426183333333,0.2302343903333333,220.33333333333331,0.7436943666666668,0.0300666666666666
Xenophon Papademetris,turbo,97,0.2650901293333333,0.461739248,0.2998797853333333,0.38970186,159.33333333333334,0.7405484833333333,0.0878666666666666
Xenophon Papademetris,davinci,97,0.2244768766666666,0.39624613,0.2374305356666667,0.3236299236666666,199.0,0.63989553,0.0578666666666666
Xenophon Papademetris,curie,97,0.1490740743333333,0.413227368,0.1551830566666666,0.259536444,324.6666666666667,0.80499099,0.0357666666666666
Carla E. Brodley,davinci,84,0.2561728393333333,0.4715590923333333,0.273433584,0.3716475096666667,195.0,0.6572608866666666,0.0924999999999999
Carla E. Brodley,ada,84,0.1145337106666666,0.3284264483333333,0.1206774136666666,0.2311385326666667,320.0,0.77034298,0.0356333333333333
Carla E. Brodley,turbo,84,0.2967320263333333,0.5211494253333333,0.3163265306666666,0.403678161,228.33333333333331,0.7858861333333333,0.1022333333333333
Carla E. Brodley,curie,84,0.1783699756666666,0.4793644793333333,0.1879532166666666,0.295977296,236.0,0.7877670733333333,0.0492333333333333
Stuart K. Card,turbo,83,0.2076738303333333,0.4316125483333333,0.220207492,0.2802904009999999,305.6666666666667,0.6580835,0.1051333333333333
Stuart K. Card,davinci,83,0.2292369793333333,0.464957265,0.2451384276666667,0.3223646723333333,157.33333333333334,0.5844179033333333,0.0866333333333333
Stuart K. Card,ada,83,0.0254049443333333,0.17838348,0.0267857143333333,0.1256563266666666,235.0,0.5917537166666667,0.0150333333333333
Stuart K. Card,curie,83,0.104588788,0.4012099126666666,0.110922984,0.2550181233333333,219.66666666666663,0.6701974833333333,0.0328
Penny Rheingans,turbo,62,0.2546109993333333,0.4725883666666666,0.3094614643333333,0.3909218089999999,144.0,0.7133180566666667,0.0649333333333333
Penny Rheingans,ada,62,0.1301851229999999,0.343136668,0.1361362213333333,0.2396126583333333,299.0,0.7560288633333334,0.0375
Penny Rheingans,davinci,62,0.1317211446666666,0.353616995,0.148375768,0.285249774,161.0,0.6184936,0.0315999999999999
Penny Rheingans,curie,62,0.1521456586666666,0.4134476843333334,0.158496934,0.250554397,272.0,0.7461786466666668,0.0648666666666666
Fabian Beck,turbo,61,0.165218756,0.4084656083333333,0.1712955066666666,0.2752645503333333,156.33333333333334,0.7171941866666667,0.0425333333333333
Fabian Beck,ada,61,0.042478074,0.2897740346666667,0.0436444646666666,0.1918537066666666,380.3333333333333,0.73645587,0.0121666666666666
Fabian Beck,curie,61,0.136443299,0.4070485556666667,0.1407661083333333,0.255159047,281.0,0.7916483,0.0276666666666666
Fabian Beck,davinci,61,0.169022416,0.3546890406666667,0.1849248793333333,0.271763907,154.66666666666666,0.5597213666666666,0.0342333333333333
Mary C. Whitton,curie,59,0.0993720993333333,0.3406976743333333,0.0940035273333333,0.2379492603333333,297.0,0.7003442866666667,0.0197
Mary C. Whitton,turbo,59,0.2721098846666667,0.5019890016666667,0.2872486773333333,0.3864773863333333,155.0,0.7635076666666668,0.0529666666666666
Mary C. Whitton,davinci,59,0.1954275683333333,0.406946767,0.2063559493333333,0.3090974543333333,179.66666666666666,0.6107138566666667,0.0245333333333333
Mary C. Whitton,ada,59,0.1068323696666666,0.3066422946666666,0.1047391873333333,0.21509772,315.6666666666667,0.7427012333333334,0.0272
James A. Jones,curie,45,0.0990954473333333,0.3410310816666667,0.1019395393333333,0.2296493996666666,302.0,0.6976253166666666,0.0185666666666666
James A. Jones,davinci,45,0.1865456096666666,0.370914156,0.1933457696666667,0.2790714816666667,139.33333333333334,0.61572795,0.0235333333333333
James A. Jones,ada,45,0.0794157793333333,0.3280691586666666,0.0866005453333333,0.1887536623333333,276.0,0.8107864533333333,0.0165333333333333
James A. Jones,turbo,45,0.1965765716666666,0.4734216493333333,0.202997719,0.3116123643333333,175.0,0.7929940666666666,0.0600666666666666
Anna Celler,davinci,14,0.2687663216666666,0.511919192,0.2787326613333333,0.3854545453333333,121.33333333333331,0.6940262166666665,0.1035999999999999
Anna Celler,turbo,14,0.2720172816666666,0.5513024986666667,0.2806818183333333,0.4338118019999999,150.66666666666666,0.798874,0.1162666666666666
Anna Celler,ada,14,0.0388130386666666,0.1921929943333333,0.0322552276666666,0.160717879,239.66666666666663,0.6556219833333333,0.0115666666666666
Anna Celler,curie,14,0.1179406036666666,0.393431085,0.1166666663333333,0.2832509426666666,205.0,0.70187911,0.0286
